{
    "weights": {
        "size": [
            2,
            3
        ],
        "elements": [
            [
                0.2540775112817857,
                0.014744744741886029,
                0.5815662379272766
            ],
            [
                0.494964831844523,
                0.6760484268259472
            ]
        ]
    },
    "targets": {
        "size": [
            1,
            3
        ],
        "elements": [
            [
                0.600804432348151,
                0.600804432348151,
                0.600804432348151
            ]
        ]
    },
    "inputs": {
        "size": [
            1,
            3
        ],
        "elements": [
            [
                0.7310585786300049,
                0.7310585786300049,
                0.7310585786300049
            ]
        ]
    },
    "hiddenLayers": [
        {
            "size": [
                1,
                3
            ],
            "elements": [
                [
                    0.6047170887644071,
                    0.6047170887644071,
                    0.6047170887644071
                ]
            ]
        }
    ]
}